"","logFC","AveExpr","t","P.Value","adj.P.Val","Gene"
"221730_at",-1.71267449776119,6.90846872281197,-1.8168112696091,0.0393047024968288,1,"221730_at"
