"","logFC","AveExpr","t","P.Value","adj.P.Val","Gene"
"221729_at",-2.13452773676512,8.03556771618822,-2.09150579134686,0.0225246275110639,1,"221729_at"
"221805_at",-2.25274094412776,8.47360750430622,-2.08114311918843,0.0230290858431121,1,"221805_at"
"221730_at",-1.95417738741605,6.90846872281197,-2.07455082849581,0.0233500806239868,1,"221730_at"
"207957_s_at",-1.87664797473066,8.30400471302157,-2.04003475375863,0.0251158074032495,1,"207957_s_at"
"213436_at",-1.98621996424767,6.93525425729499,-1.97139367575687,0.0289802845558854,1,"213436_at"
"205113_at",-1.72504892272159,8.86605472462343,-1.81979599598364,0.0393887143924309,1,"205113_at"
"203798_s_at",-2.05598774744655,6.50531821547994,-1.7429951166818,0.0457964093121368,1,"203798_s_at"
"206481_s_at",-1.52378227446129,7.83920043876314,-1.72557984232109,0.0473531144765101,1,"206481_s_at"
