"","logFC","AveExpr","t","P.Value","adj.P.Val","Gene"
"221730_at",-2.18613183114725,6.90846872281197,-2.67460359905799,0.00599598534258761,1,"221730_at"
"221729_at",-2.00999807788537,8.03556771618822,-1.93106105382837,0.031485474475517,1,"221729_at"
